{"cameraMode":{"drawMode":0,"name":"Shaded","section":"Shading Mode"},"sceneLighting":false,"audioPlay":false,"sceneViewState":{"showFog":true,"showMaterialUpdate":false,"showSkybox":false,"showFlares":true,"showImageEffects":true,"showParticleSystems":true},"in2DMode":false,"pivot":{"x":27.810195922851564,"y":0.21722815930843354,"z":-12.817947387695313},"rotation":{"x":0.02902931161224842,"y":0.7840976119041443,"z":-0.038649123162031177,"w":0.6195432543754578},"size":35.12846755981445,"orthographic":false}