{"cameraMode":{"drawMode":0,"name":"Shaded","section":"Shading Mode"},"sceneLighting":false,"audioPlay":false,"sceneViewState":{"showFog":true,"showMaterialUpdate":false,"showSkybox":true,"showFlares":true,"showImageEffects":true,"showParticleSystems":true},"in2DMode":false,"pivot":{"x":-26.526071548461915,"y":9.603293418884278,"z":35.605491638183597},"rotation":{"x":0.022785097360610963,"y":0.19180762767791749,"z":0.006932500749826431,"w":-0.9816569685935974},"size":40.0103759765625,"orthographic":false}